{
  "pct50": {
    "mean": 3.9473684210526314,
    "median": 4.0,
    "max": 5
  },
  "pct75": {
    "mean": 13.736842105263158,
    "median": 15.0,
    "max": 23
  },
  "pct90": {
    "mean": 33.8421052631579,
    "median": 31.0,
    "max": 59
  },
  "pct95": {
    "mean": 48.473684210526315,
    "median": 46.0,
    "max": 75
  },
  "pct99": {
    "mean": 70.52631578947368,
    "median": 69.0,
    "max": 95
  }
}