dataset_name,m_mean,m_std,m_cv_pct,m_range,m_iqr,auto_cpl_percentile
Erlich,0.9195745289540953,0.00011217226070483396,0.012198278352970077,0.0054978132247924805,0.00012046098709106445,0
