{
  "pct50": {
    "mean": 1.0588235294117647,
    "median": 1.0,
    "max": 2
  },
  "pct75": {
    "mean": 2.1176470588235294,
    "median": 2.0,
    "max": 3
  },
  "pct90": {
    "mean": 4.823529411764706,
    "median": 5.0,
    "max": 5
  },
  "pct95": {
    "mean": 8.235294117647058,
    "median": 9.0,
    "max": 9
  },
  "pct99": {
    "mean": 18.529411764705884,
    "median": 20.0,
    "max": 21
  }
}