{
  "dataset": "Erlich",
  "total_clusters": 72000,
  "dnn_failures": 17,
  "dnn_failure_rate_pct": 0.0236,
  "target_failure_rate_pct": 0.02,
  "label_seq_len": 152,
  "model_params": 3480949,
  "context_radius": {
    "pct50": {
      "mean": 1.0588235294117647,
      "median": 1.0,
      "max": 2
    },
    "pct75": {
      "mean": 2.1176470588235294,
      "median": 2.0,
      "max": 3
    },
    "pct90": {
      "mean": 4.823529411764706,
      "median": 5.0,
      "max": 5
    },
    "pct95": {
      "mean": 8.235294117647058,
      "median": 9.0,
      "max": 9
    },
    "pct99": {
      "mean": 18.529411764705884,
      "median": 20.0,
      "max": 21
    }
  },
  "correlation_decay": {
    "drop_to_90pct": 152,
    "drop_to_75pct": 152,
    "drop_to_50pct": 152,
    "drop_to_25pct": 152,
    "drop_to_10pct": 152
  }
}