{
  "pct50": {
    "mean": 1.8823529411764706,
    "median": 2.0,
    "max": 2
  },
  "pct75": {
    "mean": 4.470588235294118,
    "median": 5.0,
    "max": 5
  },
  "pct90": {
    "mean": 10.647058823529411,
    "median": 11.0,
    "max": 13
  },
  "pct95": {
    "mean": 16.823529411764707,
    "median": 19.0,
    "max": 23
  },
  "pct99": {
    "mean": 35.64705882352941,
    "median": 37.0,
    "max": 56
  }
}