dataset_name,m_mean,m_std,m_cv_pct,m_range,m_iqr,auto_cpl_percentile
Grass,0.9200974983390868,0.009531886953922757,1.0359648810185045,0.3685591220855713,0.00020042061805725098,5
